;gender;name.title;name.first;name.last;location.street.number;location.street.name;location.city;location.state;location.country;location.postcode;location.coordinates.latitude;location.coordinates.longitude;location.timezone.offset;location.timezone.description;email;login.uuid;login.username;login.password;login.salt;login.md5;login.sha1;login.sha256;dob.date;dob.age;registered.date;registered.age;phone;cell;id.name;id.value;picture.large;picture.medium;picture.thumbnail;nat
0;male;Mr;Paul;Green;9105;Lovers Ln;Busselton;Queensland;Australia;6216;57.4165;-40.0807;+9:30;Adelaide, Darwin;paul.green@example.com;c5ee7473-f121-4007-bc6c-207d7b555562;happyrabbit229;roberta;8fjfaaBQ;27e138ad175bc8cb7a173a9494e31fc9;13cb30659fc137cd95b636a3a03b6a0d009d8d0c;a6c183e0e4e1c67e9fe1f7a40af49fef208286728242b310404c7cf2d8850d94;1946-05-05T19:36:31.055Z;76;2011-11-14T16:05:35.236Z;10;47-333-3315;40-386-6688;TFN;709124652;https://randomuser.me/api/portraits/men/82.jpg;https://randomuser.me/api/portraits/med/men/82.jpg;https://randomuser.me/api/portraits/thumb/men/82.jpg;AU
1;female;Ms;Lizaine;Teixeira;7209;Avenida da Democracia;Patos de Minas;Bahia;Brazil;88673;6.8867;-177.5927;-5:00;Eastern Time (US & Canada), Bogota, Lima;lizaine.teixeira@example.com;5da9bddb-1e23-46a9-893b-9fe4b0a2d12a;purplefrog614;kevin1;fiNh1aX8;8667ae7eb251da528d1a99e22e554cb4;a59637035d58a9e6ee7991530e88c90bd0ee6116;f81839a88ed1e214f94b447179cdd35dc823e282641cd03fc0d46e80616209a5;1951-09-22T01:21:30.735Z;71;2012-12-11T03:14:08.086Z;9;971-278-7054;865-701-4150;CPF;268.352.380-48;https://randomuser.me/api/portraits/women/47.jpg;https://randomuser.me/api/portraits/med/women/47.jpg;https://randomuser.me/api/portraits/thumb/women/47.jpg;BR
2;female;Mrs;Jasmine;Ross;5877;22nd Ave;Hudson;Manitoba;Canada;B4L 7I2;-67.1822;122.1479;+7:00;Bangkok, Hanoi, Jakarta;jasmine.ross@example.com;0cf8a591-87ec-414c-ac08-7ea9b1162913;whiteleopard239;keith;KVFSir4E;b89784d0761e2b3bda529f6fcd94d467;8f062354e188d3368b49748532a73f80b9f68a11;20a2b33a190be3f8afb4b54898e3ec285cfd5281a4fb2f78dccf8b75a25f870d;1962-06-13T10:30:21.919Z;60;2015-11-22T21:45:42.893Z;6;1-757-9275;8-678-8916;SIN;327886438;https://randomuser.me/api/portraits/women/16.jpg;https://randomuser.me/api/portraits/med/women/16.jpg;https://randomuser.me/api/portraits/thumb/women/16.jpg;CA
3;female;Mrs;Maeva;Mitchell;2342;Dieppe Ave;Wellington;Nunavut;Canada;A2J 2Q0;29.8376;135.3165;+3:00;Baghdad, Riyadh, Moscow, St. Petersburg;maeva.mitchell@example.com;4836d16d-8f9c-45d9-8727-9c8b24e78f82;yellowfish290;daddyo;Fw5r2SX8;44eb1793eb8649ed6792240caec6b90e;d38a4f9e99cc97eacf4015ebc03a84d96f878464;375b6ce3dd759a28bef28f11fe513438d526873e8bc2553b1e0afbd080d2a816;1970-10-30T23:10:51.196Z;51;2013-05-14T06:35:19.643Z;9;7-037-6962;7-424-0279;SIN;627754468;https://randomuser.me/api/portraits/women/89.jpg;https://randomuser.me/api/portraits/med/women/89.jpg;https://randomuser.me/api/portraits/thumb/women/89.jpg;CA
4;male;Mr;Ron;Little;1803;Valley View Ln;Chicago;Washington;United States;13091;-33.5545;64.0165;-10:00;Hawaii;ron.little@example.com;221b88bf-4b83-4da7-bdef-2a28f774ce30;organicostrich272;fick;rPWTfp5m;9343355260ad8f8591fd9f36a892dd30;9b0ba5527316812e5cafbc59af81a69a6a8c9c3a;4899ee060ad81ccf1d9befc006ecd345d2875d55a231f168fcafda6508647aa9;1970-01-27T06:13:58.771Z;52;2006-02-05T09:47:13.754Z;16;616-938-5786;654-667-3440;SSN;387-43-1269;https://randomuser.me/api/portraits/men/61.jpg;https://randomuser.me/api/portraits/med/men/61.jpg;https://randomuser.me/api/portraits/thumb/men/61.jpg;US
5;female;Mrs;Becky;Kelley;6279;Central St;Toowoomba;South Australia;Australia;8528;88.7599;-53.6644;-7:00;Mountain Time (US & Canada);becky.kelley@example.com;4ae66a88-32e1-49bc-bd1c-632ad4027edd;happybird502;poiu;BXB9Rd40;8e223cfc7ba0c0477268fd19608b4432;6e25403d8dc9c07f5ec66dea7c3219ac9cafc53d;dab205f906fafc900ade4f3725db2860ac32ed981b1a928b21c86d6c5a314bae;1968-08-16T21:48:07.555Z;54;2012-09-24T15:40:29.725Z;10;29-978-5331;47-999-6617;TFN;465928850;https://randomuser.me/api/portraits/women/27.jpg;https://randomuser.me/api/portraits/med/women/27.jpg;https://randomuser.me/api/portraits/thumb/women/27.jpg;AU
6;male;Mr;Manuel;Alves;1411;Rua Principal;Ourinhos;Paraná;Brazil;50194;63.6787;-178.0629;-2:00;Mid-Atlantic;manuel.alves@example.com;e4fedcd9-2f0d-42cd-bf00-1aa40f1b1367;browngorilla122;pajero;zijF2CyE;b7b2adfde60d5cf6688572133498cee3;16f883daa22f038dd5035a0eb51f48163b7f0d9e;c0437462f0739a88edc7a60675722c93413c4ffc8c00ed7fc7d0274105383506;1974-06-04T17:09:34.405Z;48;2019-07-19T20:02:18.646Z;3;949-778-7124;468-711-7157;CPF;096.212.606-00;https://randomuser.me/api/portraits/men/83.jpg;https://randomuser.me/api/portraits/med/men/83.jpg;https://randomuser.me/api/portraits/thumb/men/83.jpg;BR
7;male;Mr;Dominic;Lo;136;Balmoral St;Melbourne;Prince Edward Island;Canada;J4Z 4L7;89.3453;39.3182;+7:00;Bangkok, Hanoi, Jakarta;dominic.lo@example.com;d359b8ae-a9a9-480b-9550-5454cdda76d0;brownlion485;waffle;QkbdSKST;ecd4ed279f45d7fef5af2a11cd692991;d0bb178ebbd2c8f2633de70b6ea9a6a4152eaa89;8a52f9952bdace3c2f52d2b54f837ad1b0165a909c9738186d496a35b99c9c72;1962-03-27T10:13:26.323Z;60;2003-08-05T02:52:10.299Z;19;368-7516;8-474-8939;SIN;240363838;https://randomuser.me/api/portraits/men/49.jpg;https://randomuser.me/api/portraits/med/men/49.jpg;https://randomuser.me/api/portraits/thumb/men/49.jpg;CA
8;male;Mr;Claude;Ward;2883;Eason Rd;Roanoke;Georgia;United States;40444;-2.9219;-25.0116;+4:00;Abu Dhabi, Muscat, Baku, Tbilisi;claude.ward@example.com;c537fba5-835f-48b8-9e4d-bcf4f4378eeb;brownleopard876;manutd;4ng0U6kh;539f5df78b501087d689ff63ec2b04ed;d7808a3b1c5862c3706576686cf7ad1f10e6bc5b;ae3f21bc7fb8d77a4cf248d4d6413936889cf0f00d7e5831796da232d84da205;1947-01-11T07:10:20.885Z;75;2009-01-28T15:15:04.809Z;13;291-620-0457;599-621-6310;SSN;022-13-0966;https://randomuser.me/api/portraits/men/89.jpg;https://randomuser.me/api/portraits/med/men/89.jpg;https://randomuser.me/api/portraits/thumb/men/89.jpg;US
9;female;Miss;Anne;Jordan;6033;Valley View Ln;Minneapolis;Wisconsin;United States;38624;-85.3262;175.7369;+1:00;Brussels, Copenhagen, Madrid, Paris;anne.jordan@example.com;4bafa3cb-6f47-403c-aa11-9406609f08d1;smallbutterfly343;housewife;qroAU2iT;9d0178c232da412ddf276cfd29207e7e;f08e233dc178de809fc2e9d67ae35f834f71e964;4203af784a8591e011b09b4a18d6cc7070077c8c11bf2dea6f0a90cdc880c365;1953-09-25T15:16:26.068Z;69;2006-06-24T16:02:23.674Z;16;422-732-4679;888-886-7398;SSN;356-53-4585;https://randomuser.me/api/portraits/women/73.jpg;https://randomuser.me/api/portraits/med/women/73.jpg;https://randomuser.me/api/portraits/thumb/women/73.jpg;US
10;female;Miss;Elvira;Pires;3583;Rua São Francisco ;São Mateus;Minas Gerais;Brazil;76347;-3.7407;133.7284;+8:00;Beijing, Perth, Singapore, Hong Kong;elvira.pires@example.com;d9dac6e7-6da3-4f1a-b9ec-060d0b1803d6;crazygorilla780;juliette;lqKfBWBe;c15e32563858f6f262efacc9bf01030d;ebd6041d0a3ccdc3c34010e12b60e5b6ed69fce2;149d0b6ce69b6df6479d6aab893db9f223dbbcdf10221b45a418c763ea052719;1994-08-04T06:46:55.850Z;28;2006-11-09T10:18:55.489Z;15;322-059-7393;356-606-6698;CPF;625.858.858-86;https://randomuser.me/api/portraits/women/54.jpg;https://randomuser.me/api/portraits/med/women/54.jpg;https://randomuser.me/api/portraits/thumb/women/54.jpg;BR
11;female;Mrs;Lesa;Mcdonalid;779;Plum St;Berkeley;South Dakota;United States;63829;35.6556;58.3218;+4:00;Abu Dhabi, Muscat, Baku, Tbilisi;lesa.mcdonalid@example.com;dc8a30c4-a198-44b4-bb86-7bd0464a006d;heavyelephant124;sophie;7usSbsJs;7bf7376bf57c6f9302c8e3549d417a2c;04f9b6a9531140437b493d84a84eda7bb19174d6;e3bebd79dc45c3111b4b816b703b6d07e343717ffc446c8019b98d7467bc3674;1990-09-19T06:06:16.964Z;32;2002-04-25T06:04:59.047Z;20;336-751-7682;509-205-0421;SSN;175-12-8447;https://randomuser.me/api/portraits/women/49.jpg;https://randomuser.me/api/portraits/med/women/49.jpg;https://randomuser.me/api/portraits/thumb/women/49.jpg;US
12;female;Miss;Wanda;Costa;1710;Rua Primeiro de Maio ;Santarém;Bahia;Brazil;40179;4.731;-148.1885;-9:00;Alaska;wanda.costa@example.com;2d2e04ac-b13e-4359-a373-981af4d9bca8;whitesnake647;domain;BY7ymlKd;8ef721420bb5df08f778cdd616e612fb;b70a01f74d16bc12aa860f6b62c07458210e65ab;38f4827f59f05ec9c3dac05a6c2263dddd16fd36586a76f3dfdbc0a6396483b7;1970-04-05T23:27:11.065Z;52;2013-08-09T18:45:29.911Z;9;972-781-2366;527-608-3400;CPF;851.695.494-21;https://randomuser.me/api/portraits/women/83.jpg;https://randomuser.me/api/portraits/med/women/83.jpg;https://randomuser.me/api/portraits/thumb/women/83.jpg;BR
13;male;Mr;Soren;Noel;4788;Rue Gasparin;Toulouse;Gard;France;63128;12.0371;-23.1097;-7:00;Mountain Time (US & Canada);soren.noel@example.com;8ac56715-ec65-413a-aff1-752a1d887c6f;silverpanda252;piper;56fXXogU;1b7602cc07514f076d53f6a73f737833;0599a1f158a726a47183fa0343e545ca2fe679b9;c2efc389841702e62d4105ba8cf18873b5551e29e1fbe31b8be0486379374331;1951-10-04T19:15:19.772Z;71;2021-09-15T22:52:23.905Z;1;23-753-9813;64-646-8553;INSEE;1510967213847 92;https://randomuser.me/api/portraits/men/84.jpg;https://randomuser.me/api/portraits/med/men/84.jpg;https://randomuser.me/api/portraits/thumb/men/84.jpg;FR
14;male;Mr;Lino;Duval;9290;Rue Paul-Duvivier;Argenteuil;Loire;France;19512;35.3244;-161.5928;+5:00;Ekaterinburg, Islamabad, Karachi, Tashkent;lino.duval@example.com;efb61768-43ff-4cd8-a52c-ffe9a2c798f3;lazylion448;tigers;0Y0lFGE4;ba278dbd6816c1ab41c8e337670ea4bd;7b55d7f55ef45587362d4af51461c1a2dfc7d396;ab83f3effc798173914e48122d6af9faada0f2eb12195d9c71de37d0dafd41b2;1973-11-28T20:31:56.234Z;48;2014-05-09T14:03:04.008Z;8;55-039-6991;67-949-7395;INSEE;1731080865739 82;https://randomuser.me/api/portraits/men/78.jpg;https://randomuser.me/api/portraits/med/men/78.jpg;https://randomuser.me/api/portraits/thumb/men/78.jpg;FR
15;male;Mr;Melvin;Jimenez;8458;Karen Dr;Hervey Bay;Victoria;Australia;4639;59.6515;122.1677;0:00;Western Europe Time, London, Lisbon, Casablanca;melvin.jimenez@example.com;80d42a06-2898-4762-a8d7-67a3608ddf7e;organicbird186;huang;Cbf9vOVD;08be0eed0b58f648fc505ce4daf4f039;64e3180bdb2a738922e5a9b6720ed9db78e0f3a6;a910770df2c511c26f74637a2d5d5bf7c67775250376363a6c66e6020ad5e002;1944-11-26T15:09:13.807Z;77;2020-12-02T06:49:09.315Z;1;40-676-8949;43-274-4586;TFN;083375556;https://randomuser.me/api/portraits/men/16.jpg;https://randomuser.me/api/portraits/med/men/16.jpg;https://randomuser.me/api/portraits/thumb/men/16.jpg;AU
16;female;Mrs;Emily;Mackay;8262;Elgin St;Souris;Yukon;Canada;M0Q 1W1;41.1227;93.0585;+10:00;Eastern Australia, Guam, Vladivostok;emily.mackay@example.com;eb1476ad-b22b-428b-8fa4-1490a008149d;organicbear442;talk;pOuuCJ96;706019b9a7ab21a0b196cfff11153805;5d14c209ec5ed288f487389ae94af9b9df6a1b8d;9c23969d789b7001762d29134d32bbc2e1d2f0b82a457d529dd1e5d8d26e2623;1975-06-11T21:34:18.051Z;47;2015-12-24T19:33:50.826Z;6;709-8636;1-137-3063;SIN;972869044;https://randomuser.me/api/portraits/women/2.jpg;https://randomuser.me/api/portraits/med/women/2.jpg;https://randomuser.me/api/portraits/thumb/women/2.jpg;CA
17;male;Mr;Honório;Dias;415;Rua Bela Vista ;Águas Lindas de Goiás;Paraná;Brazil;14491;-87.5551;-115.4067;+4:30;Kabul;honorio.dias@example.com;9bea200b-9bbf-4386-817b-067acc91a8d7;beautifulzebra476;powell;AN78YSeS;9da821a4f2b3b5121f924f32f264383e;4f6ba54a54d2877d2db87fd82a9913e284da57cf;c48c87c8e13f8f51486d1f4086cc9300aac6a72c39c6c2e8205af147657042f9;1981-05-24T02:25:27.621Z;41;2018-06-01T00:41:39.197Z;4;104-179-9883;725-403-2647;CPF;495.561.085-90;https://randomuser.me/api/portraits/men/99.jpg;https://randomuser.me/api/portraits/med/men/99.jpg;https://randomuser.me/api/portraits/thumb/men/99.jpg;BR
18;female;Miss;Teresa;Steward;2043;Northaven Rd;El Paso;South Dakota;United States;49280;69.1846;78.2099;+4:30;Kabul;teresa.steward@example.com;7df5e52e-683d-4c5a-831f-e7cf9cb4135c;angryrabbit396;635241;AyEbpxGM;ff8be3cb1b9c738b5af20cd37197a869;cf5a3325abfdfb07ec1f9c9cdcd5f11f9d0380e6;bff4ee5365a64467d8d0f34de6b712ce893fd5a76b1674021b54e8b3066735cd;1998-12-12T02:57:10.447Z;23;2007-02-16T12:01:18.469Z;15;222-967-4873;530-662-5799;SSN;611-40-2245;https://randomuser.me/api/portraits/women/69.jpg;https://randomuser.me/api/portraits/med/women/69.jpg;https://randomuser.me/api/portraits/thumb/women/69.jpg;US
19;male;Mr;Simon;Williams;5783;Alfred St;Greenwood;Québec;Canada;F2X 8L5;-8.5388;175.2794;-7:00;Mountain Time (US & Canada);simon.williams@example.com;517164da-d68f-479e-8b29-59a3c8c3705a;lazymouse411;square;AQbX2dWS;4ab19ab68b38847047e28f1fe37f7dd4;b5ff8cab25ec8b58d27ae25afb2d4d344b22f2c3;2b8fa8eb378692be2a6470e8e70f9216efc3da1a08a5035b8e37c39750c70ae3;1952-06-14T07:24:00.708Z;70;2021-01-29T19:03:38.540Z;1;4-141-5852;871-9594;SIN;769445396;https://randomuser.me/api/portraits/men/81.jpg;https://randomuser.me/api/portraits/med/men/81.jpg;https://randomuser.me/api/portraits/thumb/men/81.jpg;CA
20;male;Mr;Pierre;Meunier;5109;Avenue des Ternes;Roubaix;Haute-Savoie;France;38518;-28.8209;130.6994;-1:00;Azores, Cape Verde Islands;pierre.meunier@example.com;5e57f77b-202e-4943-b25e-31fbe21938d0;redtiger397;lorraine;Lkxisx46;8a43616553efd173fd5a659fb4856d20;fd328dacffb0383bc35300f1c05e943a255ba6df;8fcb318ffb17c909ee8a82cb9cb2595f3b624d7b835587a0eefe1a0822366ee5;1964-06-21T06:45:18.749Z;58;2021-10-30T02:36:14.760Z;0;21-827-7499;69-409-3716;INSEE;1640524440465 41;https://randomuser.me/api/portraits/men/44.jpg;https://randomuser.me/api/portraits/med/men/44.jpg;https://randomuser.me/api/portraits/thumb/men/44.jpg;FR
